{
    "train_mse": [
        1.2347990685501742e-10,
        0.00028501212364062667,
        0.000869097129907459,
        0.0016523097874596715,
        0.003967952448874712,
        0.0008875187486410141,
        0.0015015527606010437,
        0.002068291185423732,
        0.0039949421770870686,
        0.0008264792268164456,
        0.0012547352816909552,
        0.0017313251737505198,
        0.003454814199358225,
        0.0007492198492400348,
        0.001121673034504056,
        0.0016063317889347672,
        0.0031038348097354174,
        0.0008147122571244836,
        0.0012453945819288492,
        0.0017499179812148213,
        0.0031693025957792997
    ],
    "train_r2": [
        -21621.7890625,
        0.9945135712623596,
        0.9945307970046997,
        0.9944189786911011,
        0.9926570653915405,
        0.9968336820602417,
        0.9968440532684326,
        0.99644535779953,
        0.9943332672119141,
        0.9973753094673157,
        0.997376024723053,
        0.996824324131012,
        0.9944968223571777,
        0.9972624778747559,
        0.9971855878829956,
        0.9963383078575134,
        0.9933195114135742,
        0.9966555237770081,
        0.9961205720901489,
        0.9949910044670105,
        0.9915417432785034
    ],
    "val_mse": [
        1.2424646034236986e-10,
        0.0003780985134653747,
        0.0012204527156427503,
        0.0024523010943084955,
        0.005891784094274044,
        0.0013287808978930116,
        0.0023488719016313553,
        0.003336916910484433,
        0.00629862817004323,
        0.0012951840180903673,
        0.002037680009379983,
        0.0028853639960289,
        0.0056681218557059765,
        0.0011703157797455788,
        0.0018131444230675697,
        0.0026935869827866554,
        0.005194083321839571,
        0.001235107658430934,
        0.0019286462338641286,
        0.002803944516927004,
        0.005051795393228531
    ],
    "val_r2": [
        -2718.618408203125,
        0.9927129745483398,
        0.9923139214515686,
        0.9917131066322327,
        0.9890952706336975,
        0.9952589273452759,
        0.9950620532035828,
        0.9942643642425537,
        0.9910682439804077,
        0.9958853125572205,
        0.9957361221313477,
        0.9947037696838379,
        0.990966260433197,
        0.9957214593887329,
        0.9954451322555542,
        0.9938472509384155,
        0.9887874126434326,
        0.9949265718460083,
        0.9939858317375183,
        0.9919615387916565,
        0.9864931106567383
    ],
    "test_mse": [
        1.237734359449405e-10,
        0.0003764490538742393,
        0.0012136428849771619,
        0.002438979223370552,
        0.005858022253960371,
        0.0013294609962031245,
        0.0023399461060762405,
        0.003313339315354824,
        0.006260949652642012,
        0.001289841951802373,
        0.0020241541787981987,
        0.002875333186239004,
        0.005679662339389324,
        0.0011604417813941836,
        0.0017962947022169828,
        0.002695392118766904,
        0.005231825169175863,
        0.0012289205333217978,
        0.0019217761000618339,
        0.0028153022285550833,
        0.005095197819173336
    ],
    "test_r2": [
        -2708.264404296875,
        0.992755115032196,
        0.9923614263534546,
        0.9917579293251038,
        0.9891543388366699,
        0.9952583909034729,
        0.9950807690620422,
        0.9943008422851562,
        0.9911056756973267,
        0.9959040880203247,
        0.9957699179649353,
        0.9947341680526733,
        0.9909744262695312,
        0.9957590103149414,
        0.9954957962036133,
        0.9938675761222839,
        0.988778293132782,
        0.9949540495872498,
        0.9940164089202881,
        0.9919529557228088,
        0.9864377379417419
    ]
}