{
    "train_mse": 0.0017168752517368452,
    "train_r2": 0.9852526263493102,
    "val_mse": 0.002715722719865723,
    "val_r2": 0.9823572902897946,
    "test_mse": 0.0027117713207662404,
    "test_r2": 0.9823644482182505
}